[ 
             {
                 "text" : "1月",
                 "id" : "11",
                 "uid" : "1234",
                 "next" : [ 
                         {
                             "text" : "11号",
                             "id" : "111",
                             "uid" : "1234",
                             "next" : [ 
                                     {
                                         "text" : "11号-11点",
                                         "id" : "121",
                                         "uid" : "1211"
                                         },
                                     {
                                         "text" : "11号-12点",
                                         "id" : "122",
                                         "uid" : "1222"
                                         },
                                     {
                                         "text" : "11号-13点",
                                         "id" : "123",
                                         "uid" : "1234"
                                         },
                                     {
                                         "text" : "11号-14点",
                                         "id" : "121",
                                         "uid" : "1211"
                                         },
                                     {
                                         "text" : "11号-15点",
                                         "id" : "122",
                                         "uid" : "1222"
                                         }
                                     ]
                             },
                         {
                             "text" : "12号",
                             "id" : "112",
                             "uid" : "1224",
                             "next" : [ 
                                     {
                                         "text" : "12-1点",
                                         "id" : "121",
                                         "uid" : "1211"
                                         },
                                     {
                                         "text" : "12-2点",
                                         "id" : "122",
                                         "uid" : "1222"
                                         },
                                     {
                                         "text" : "12-3点",
                                         "id" : "123",
                                         "uid" : "1234"
                                         }
                                     ]
                             },
                         {
                             "text" : "13号",
                             "id" : "113",
                             "uid" : "1224",
                             "next" : [ 
                                     {
                                         "text" : "13号-1点",
                                         "id" : "121",
                                         "uid" : "1211"
                                         },
                                     {
                                         "text" : "13号-2点",
                                         "id" : "122",
                                         "uid" : "1222"
                                         },
                                     {
                                         "text" : "13号-3点",
                                         "id" : "123",
                                         "uid" : "1234"
                                         },
                                     {
                                         "text" : "13号-7点",
                                         "id" : "121",
                                         "uid" : "1211"
                                         },
                                     {
                                         "text" : "13号-8点",
                                         "id" : "122",
                                         "uid" : "1222"
                                         }
                                     ]
                             },
                         {
                             "text" : "14号",
                             "id" : "114",
                             "uid" : "1224",
                             "next" : [ 
                                     {
                                         "text" : "14号-1点",
                                         "id" : "121",
                                         "uid" : "1211"
                                         },
                                     {
                                         "text" : "14号-2点",
                                         "id" : "122",
                                         "uid" : "1222"
                                         },
                                     {
                                         "text" : "14号-3点",
                                         "id" : "123",
                                         "uid" : "1234"
                                         }
                                     ]
                             }
                         ]
                 },
             {
                 "text" : "2月",
                 "id" : "12",
                 "uid" : "1234",
                 "next" : [ 
                         {
                             "text" : "21号",
                             "id" : "121",
                             "uid" : "1234",
                             "next" : [ 
                                     {
                                         "text" : "21号-1点",
                                         "id" : "121",
                                         "uid" : "1211"
                                         },
                                     {
                                         "text" : "21号-2点",
                                         "id" : "122",
                                         "uid" : "1222"
                                         },
                                     {
                                         "text" : "21号-3点",
                                         "id" : "123",
                                         "uid" : "1234"
                                         },
                                     {
                                         "text" : "21号-12点",
                                         "id" : "122",
                                         "uid" : "1222"
                                         },
                                     {
                                         "text" : "21号-13点",
                                         "id" : "123",
                                         "uid" : "1234"
                                         }
                                     ]
                             },
                         {
                             "text" : "22号",
                             "id" : "122",
                             "uid" : "1224",
                             "next" : [ 
                                     {
                                         "text" : "22号-1点",
                                         "id" : "121",
                                         "uid" : "1211"
                                         },
                                     {
                                         "text" : "22号-2点",
                                         "id" : "122",
                                         "uid" : "1222"
                                         },
                                     {
                                         "text" : "22号-3点",
                                         "id" : "123",
                                         "uid" : "1234"
                                         }
                                     ]
                             },
                         {
                             "text" : "23号",
                             "id" : "123",
                             "uid" : "1224",
                             "next" : [ 
                                     {
                                         "text" : "23号-1点",
                                         "id" : "121",
                                         "uid" : "1211"
                                         },
                                     {
                                         "text" : "23号-2点",
                                         "id" : "122",
                                         "uid" : "1222"
                                         },
                                     {
                                         "text" : "23号-3点",
                                         "id" : "123",
                                         "uid" : "1234"
                                         },
                                     {
                                         "text" : "23号-4点",
                                         "id" : "121",
                                         "uid" : "1211"
                                         },
                                     {
                                         "text" : "23号-5点",
                                         "id" : "122",
                                         "uid" : "1222"
                                         }
                                     ]
                             },
                         {
                             "text" : "24号",
                             "id" : "123",
                             "uid" : "1224",
                             "next" : [ 
                                     {
                                         "text" : "24号-1点",
                                         "id" : "121",
                                         "uid" : "1211"
                                         },
                                     {
                                         "text" : "24号-2点",
                                         "id" : "122",
                                         "uid" : "1222"
                                         },
                                     {
                                         "text" : "24号-3点",
                                         "id" : "123",
                                         "uid" : "1234"
                                         },
                                     {
                                         "text" : "24号-4点",
                                         "id" : "121",
                                         "uid" : "1211"
                                         },
                                     {
                                         "text" : "24号-5点",
                                         "id" : "122",
                                         "uid" : "1222"
                                         }
                                     ]
                             },
                         {
                             "text" : "25号",
                             "id" : "123",
                             "uid" : "1224",
                             "next" : [ 
                                     {
                                         "text" : "25号-1点",
                                         "id" : "121",
                                         "uid" : "1211"
                                         },
                                     {
                                         "text" : "25号-2点",
                                         "id" : "122",
                                         "uid" : "1222"
                                         },
                                     {
                                         "text" : "25号-3点",
                                         "id" : "123",
                                         "uid" : "1234"
                                         },
                                     {
                                         "text" : "25号-4点",
                                         "id" : "121",
                                         "uid" : "1211"
                                         },
                                     {
                                         "text" : "25号-5点",
                                         "id" : "122",
                                         "uid" : "1222"
                                         }
                                     ]
                             }
                         ]
                 },
             {
                 "text" : "3月",
                 "id" : "13",
                 "uid" : "1234",
                 "next" : [ 
                         {
                             "text" : "31号",
                             "id" : "131",
                             "uid" : "1234",
                             "next" : [ 
                                     {
                                         "text" : "31号-1点",
                                         "id" : "121",
                                         "uid" : "1211"
                                         },
                                     {
                                         "text" : "31号-2点",
                                         "id" : "122",
                                         "uid" : "1222"
                                         },
                                     {
                                         "text" : "31号-3点",
                                         "id" : "123",
                                         "uid" : "1234"
                                         }
                                     ]
                             },
                         {
                             "text" : "32号",
                             "id" : "132",
                             "uid" : "1224",
                             "next" : [ 
                                     {
                                         "text" : "32号-1点",
                                         "id" : "121",
                                         "uid" : "1211"
                                         },
                                     {
                                         "text" : "32号-2点",
                                         "id" : "122",
                                         "uid" : "1222"
                                         },
                                     {
                                         "text" : "32号-3点",
                                         "id" : "123",
                                         "uid" : "1234"
                                         }
                                     ]
                             },
                         {
                             "text" : "33号",
                             "id" : "134",
                             "uid" : "1224",
                             "next" : [ 
                                     {
                                         "text" : "33号-1点",
                                         "id" : "121",
                                         "uid" : "1211"
                                         },
                                     {
                                         "text" : "33号-2点",
                                         "id" : "122",
                                         "uid" : "1222"
                                         },
                                     {
                                         "text" : "33号-3点",
                                         "id" : "123",
                                         "uid" : "1234"
                                         },
                                     {
                                         "text" : "33号-4点",
                                         "id" : "122",
                                         "uid" : "1222"
                                         },
                                     {
                                         "text" : "33号-5点",
                                         "id" : "123",
                                         "uid" : "1234"
                                         }
                                     ]
                             }
                         ]
                 },
             {
                 "text" : "4月",
                 "id" : "14",
                 "uid" : "1234",
                 "next" : [ 
                         {
                             "text" : "41号",
                             "id" : "141",
                             "uid" : "1234",
                             "next" : [ 
                                     {
                                         "text" : "41号-1点",
                                         "id" : "121",
                                         "uid" : "1211"
                                         },
                                     {
                                         "text" : "41号-2点",
                                         "id" : "122",
                                         "uid" : "1222"
                                         },
                                     {
                                         "text" : "41号-3点",
                                         "id" : "123",
                                         "uid" : "1234"
                                         },
                                     {
                                         "text" : "41号-4点",
                                         "id" : "121",
                                         "uid" : "1211"
                                         },
                                     {
                                         "text" : "41号-5点",
                                         "id" : "122",
                                         "uid" : "1222"
                                         }
                                     ]
                             },
                         {
                             "text" : "42号",
                             "id" : "142",
                             "uid" : "1224",
                             "next" : [ 
                                     {
                                         "text" : "42号-1点",
                                         "id" : "121",
                                         "uid" : "1211"
                                         },
                                     {
                                         "text" : "42号-2点",
                                         "id" : "122",
                                         "uid" : "1222"
                                         },
                                     {
                                         "text" : "42号-3点",
                                         "id" : "123",
                                         "uid" : "1234"
                                         }
                                     ]
                             },
                         {
                             "text" : "43号",
                             "id" : "143",
                             "uid" : "1224",
                             "next" : [ 
                                     {
                                         "text" : "43号-1点",
                                         "id" : "121",
                                         "uid" : "1211"
                                         },
                                     {
                                         "text" : "43号-2点",
                                         "id" : "122",
                                         "uid" : "1222"
                                         },
                                     {
                                         "text" : "43号-3点",
                                         "id" : "123",
                                         "uid" : "1234"
                                         },
                                     {
                                         "text" : "43号-7点",
                                         "id" : "121",
                                         "uid" : "1211"
                                         },
                                     {
                                         "text" : "43号-8点",
                                         "id" : "122",
                                         "uid" : "1222"
                                         }
                                     ]
                             },
                         {
                             "text" : "44号",
                             "id" : "144",
                             "uid" : "1224",
                             "next" : [ 
                                     {
                                         "text" : "44号-1点",
                                         "id" : "121",
                                         "uid" : "1211"
                                         },
                                     {
                                         "text" : "44号-2点",
                                         "id" : "122",
                                         "uid" : "1222"
                                         },
                                     {
                                         "text" : "44号-3点",
                                         "id" : "123",
                                         "uid" : "1234"
                                         }
                                     ]
                             }
                         ]
                 }
             ]
