[
             [ 
                 {
                     "text": "1月",
                     "id": "123"
                     },
                 {
                     "text": "2月",
                     "id": "1234"
                     },
                 {
                     "text": "2月",
                     "id": "1234"
                     },
                 {
                     "text": "3月",
                     "id": "12345"
                     },
                 {
                     "text": "4月",
                     "id": "123456"
                     },
                 {
                     "text": "5月",
                     "id": "1234567"
                     }
                 ],
             [ 
                 {
                     "text": "1号",
                     "id": "123"
                     },
                 {
                     "text": "2号",
                     "id": "1234"
                     },
                 {
                     "text": "2号",
                     "id": "1234"
                     },
                 {
                     "text": "3号",
                     "id": "12345"
                     },
                 {
                     "text": "4号",
                     "id": "123456"
                     },
                 {
                     "text": "5号",
                     "id": "1234567"
                     }
                 ],
             [ 
                 {
                     "text": "1点",
                     "id": "123"
                     },
                 {
                     "text": "2点",
                     "id": "1234"
                     },
                 {
                     "text": "3点",
                     "id": "12345"
                     },
                 {
                     "text": "4点",
                     "id": "123456"
                     },
                 {
                     "text": "5点",
                     "id": "1234567"
                     }
                 ]
             ]